datetime,open,high,low,close,volume
2026-03-02 09:00:00,292000.0,297165.0,290101.0,296199.0,4252
2026-03-02 09:15:00,296108.0,297166.0,295581.0,295581.0,1673
2026-03-02 09:30:00,295565.0,296498.0,295264.0,295523.0,757
2026-03-02 09:45:00,295638.0,296211.0,295367.0,295552.0,434
2026-03-02 10:00:00,295630.0,295875.0,293400.0,293685.0,1089
2026-03-02 10:15:00,293790.0,294707.0,293777.0,294030.0,363
2026-03-02 10:30:00,293860.0,295365.0,293444.0,295000.0,493
2026-03-02 10:45:00,294895.0,294949.0,294311.0,294738.0,163
2026-03-02 11:00:00,294955.0,296639.0,294748.0,296263.0,604
2026-03-02 11:15:00,296026.0,296507.0,295602.0,296000.0,252
2026-03-02 11:30:00,296018.0,297266.0,295795.0,297161.0,604
2026-03-02 11:45:00,297108.0,299456.0,297108.0,299456.0,1261
2026-03-02 12:00:00,299477.0,299488.0,298501.0,299065.0,747
2026-03-02 12:15:00,299007.0,301200.0,299007.0,300310.0,1149
2026-03-02 12:30:00,300300.0,301844.0,299177.0,301624.0,1097
2026-03-02 12:45:00,301650.0,302400.0,301025.0,301675.0,983
2026-03-02 13:00:00,301500.0,302215.0,301300.0,301901.0,590
2026-03-02 13:15:00,301890.0,302766.0,301805.0,302700.0,611
2026-03-02 13:30:00,302593.0,302733.0,300904.0,301440.0,668
2026-03-02 13:45:00,301266.0,301800.0,300533.0,301800.0,455
2026-03-02 14:00:00,301766.0,302000.0,300003.0,300450.0,509
2026-03-02 14:15:00,300376.0,300750.0,299100.0,299342.0,613
2026-03-02 14:30:00,299367.0,300018.0,298600.0,299204.0,566
2026-03-02 14:45:00,299217.0,301080.0,299217.0,300752.0,364
2026-03-02 15:00:00,300772.0,301750.0,300601.0,300843.0,433
2026-03-02 15:15:00,300900.0,301280.0,300202.0,301252.0,197
2026-03-02 15:30:00,301202.0,301315.0,300344.0,300948.0,264
2026-03-02 15:45:00,300798.0,301346.0,300694.0,301157.0,139
2026-03-02 16:00:00,301256.0,301500.0,301195.0,301500.0,95
2026-03-02 16:15:00,301500.0,301750.0,301000.0,301013.0,265
2026-03-02 16:30:00,301209.0,301450.0,299476.0,300381.0,387
2026-03-02 16:45:00,300253.0,301748.0,300253.0,301539.0,316
2026-03-02 17:00:00,301642.0,301982.0,300914.0,301005.0,372
2026-03-02 17:15:00,300803.0,300980.0,299875.0,300754.0,526
2026-03-02 17:30:00,300900.0,301600.0,300141.0,301402.0,282
2026-03-02 17:45:00,301233.0,301750.0,300934.0,301514.0,164
2026-03-02 18:00:00,301515.0,301855.0,301100.0,301787.0,254
2026-03-02 18:15:00,301787.0,302685.0,301722.0,302649.0,580
2026-03-02 18:30:00,302273.0,302688.0,300581.0,300902.0,654
2026-03-02 18:45:00,300959.0,302477.0,300726.0,301586.0,544
2026-03-02 19:00:00,301586.0,301947.0,299260.0,299260.0,706
2026-03-02 19:15:00,299300.0,300771.0,297556.0,300344.0,1480
2026-03-02 19:30:00,300309.0,300352.0,297101.0,297824.0,1175
2026-03-02 19:45:00,297746.0,297923.0,285401.0,290355.0,5473
2026-03-02 20:00:00,290219.0,292816.0,285656.0,291117.0,4107
2026-03-02 20:15:00,291359.0,291886.0,289244.0,290747.0,1657
2026-03-02 20:30:00,290538.0,292667.0,288992.0,291826.0,1548
2026-03-02 20:45:00,292000.0,292730.0,290200.0,291638.0,773
2026-03-02 21:00:00,291636.0,294173.0,291636.0,293382.0,897
2026-03-02 21:15:00,293650.0,293650.0,287562.0,288100.0,1507
2026-03-02 21:30:00,288000.0,288000.0,281000.0,286859.0,4140
2026-03-02 21:45:00,286875.0,287017.0,284100.0,285829.0,1236
2026-03-02 22:00:00,285829.0,286199.0,282659.0,284790.0,1097
2026-03-02 22:15:00,284889.0,285350.0,283398.0,283398.0,744
2026-03-02 22:30:00,283300.0,284500.0,282400.0,283683.0,1023
2026-03-02 22:45:00,283541.0,285170.0,283000.0,284500.0,651
2026-03-02 23:00:00,284390.0,286657.0,284300.0,285045.0,671
2026-03-02 23:15:00,285092.0,285331.0,283598.0,284925.0,775
2026-03-02 23:30:00,284927.0,285349.0,283600.0,284079.0,679
2026-03-02 23:45:00,284001.0,286699.0,284001.0,286699.0,714
2026-03-03 17:00:00,273721.0,273721.0,268019.0,268019.0,255
2026-03-03 17:15:00,268019.0,268976.0,266026.0,267702.0,3790
2026-03-03 17:30:00,267997.0,272833.0,267201.0,271737.0,3408
2026-03-03 17:45:00,271785.0,274287.0,270703.0,273831.0,2033
2026-03-03 18:00:00,273827.0,273935.0,271603.0,273409.0,1236
2026-03-03 18:15:00,273426.0,275605.0,272763.0,275291.0,1340
2026-03-03 18:30:00,275300.0,275300.0,270200.0,272133.0,2367
2026-03-03 18:45:00,272300.0,273694.0,271600.0,273270.0,912
2026-03-03 19:00:00,273181.0,274374.0,271658.0,272315.0,1128
2026-03-03 19:15:00,272150.0,273198.0,270826.0,272872.0,614
2026-03-03 19:30:00,272800.0,274487.0,272393.0,273801.0,600
2026-03-03 19:45:00,273975.0,274040.0,270800.0,272116.0,971
2026-03-03 20:00:00,271702.0,271702.0,266671.0,267089.0,2358
2026-03-03 20:15:00,267050.0,268702.0,264854.0,266042.0,2495
2026-03-03 20:30:00,266004.0,268809.0,265965.0,268283.0,1037
2026-03-03 20:45:00,268503.0,269438.0,265712.0,267900.0,1325
2026-03-03 21:00:00,267875.0,270190.0,267875.0,268856.0,1008
2026-03-03 21:15:00,269000.0,272300.0,268545.0,271422.0,1234
2026-03-03 21:30:00,271422.0,273590.0,270890.0,273200.0,1181
2026-03-03 21:45:00,273271.0,273689.0,271561.0,272500.0,811
2026-03-03 22:00:00,272300.0,273200.0,270729.0,272000.0,806
2026-03-03 22:15:00,272009.0,272262.0,270042.0,270728.0,594
2026-03-03 22:30:00,270498.0,271667.0,269200.0,271641.0,665
2026-03-03 22:45:00,271636.0,272439.0,270100.0,270100.0,439
2026-03-03 23:00:00,270174.0,271349.0,269422.0,270200.0,460
2026-03-03 23:15:00,270191.0,270673.0,269300.0,270396.0,426
2026-03-03 23:30:00,270253.0,271719.0,270253.0,271468.0,728
2026-03-03 23:45:00,271559.0,272700.0,271413.0,271746.0,535
2026-03-04 09:00:00,274882.0,275337.0,272740.0,274355.0,1325
2026-03-04 09:15:00,274488.0,278800.0,274306.0,278717.0,1411
2026-03-04 09:30:00,278765.0,279397.0,278005.0,279250.0,766
2026-03-04 09:45:00,279303.0,279464.0,277390.0,277697.0,675
2026-03-04 10:00:00,277748.0,278673.0,276801.0,277450.0,509
2026-03-04 10:15:00,277451.0,277829.0,276738.0,277319.0,250
2026-03-04 10:30:00,277537.0,278204.0,276700.0,277368.0,648
2026-03-04 10:45:00,277200.0,278200.0,277066.0,277315.0,263
2026-03-04 11:00:00,277226.0,278074.0,276851.0,277447.0,270
2026-03-04 11:15:00,277364.0,277883.0,276979.0,277517.0,191
2026-03-04 11:30:00,277332.0,277332.0,275020.0,275677.0,773
2026-03-04 11:45:00,275504.0,276400.0,274675.0,275850.0,342
2026-03-04 12:00:00,275633.0,277900.0,275633.0,277073.0,411
2026-03-04 12:15:00,277060.0,277715.0,276673.0,277715.0,169
2026-03-04 12:30:00,277676.0,278952.0,277286.0,278291.0,512
2026-03-04 12:45:00,278218.0,278624.0,277800.0,278200.0,238
2026-03-04 13:00:00,278453.0,278538.0,277736.0,278069.0,116
2026-03-04 13:15:00,277995.0,278314.0,277299.0,277411.0,140
2026-03-04 13:30:00,277322.0,277590.0,276419.0,277524.0,327
2026-03-04 13:45:00,277400.0,278296.0,276914.0,277500.0,191
2026-03-04 14:00:00,277700.0,278800.0,277500.0,278701.0,278
2026-03-04 14:15:00,278640.0,279249.0,277729.0,278144.0,420
2026-03-04 14:30:00,278100.0,279450.0,277825.0,278800.0,363
2026-03-04 14:45:00,278587.0,279200.0,278442.0,278600.0,196
2026-03-04 15:00:00,278780.0,279229.0,278500.0,278850.0,155
2026-03-04 15:15:00,278938.0,280560.0,278575.0,280508.0,677
2026-03-04 15:30:00,280698.0,281593.0,280228.0,280760.0,1180
2026-03-04 15:45:00,280636.0,280837.0,279031.0,279407.0,592
2026-03-04 16:00:00,279407.0,279700.0,278780.0,279400.0,416
2026-03-04 16:15:00,279310.0,280461.0,279154.0,280200.0,264
2026-03-04 16:30:00,280202.0,280700.0,279889.0,280576.0,251
2026-03-04 16:45:00,280600.0,280736.0,279800.0,280223.0,213
2026-03-04 17:00:00,280231.0,281192.0,280100.0,280201.0,367
2026-03-04 17:15:00,280153.0,280828.0,279500.0,280607.0,289
2026-03-04 17:30:00,280532.0,281901.0,280501.0,280914.0,624
2026-03-04 17:45:00,280915.0,281086.0,279101.0,279327.0,742
2026-03-04 18:00:00,279249.0,279275.0,276703.0,278097.0,1359
2026-03-04 18:15:00,278171.0,278941.0,277500.0,277972.0,461
2026-03-04 18:30:00,278030.0,280273.0,277940.0,279868.0,640
2026-03-04 18:45:00,279950.0,279950.0,277605.0,278846.0,550
2026-03-04 19:00:00,278888.0,279000.0,278000.0,278396.0,207
2026-03-04 19:15:00,278582.0,279095.0,275565.0,275943.0,870
2026-03-04 19:30:00,275942.0,277107.0,273764.0,274221.0,1212
2026-03-04 19:45:00,274303.0,275237.0,272000.0,273750.0,1528
2026-03-04 20:00:00,273959.0,275910.0,273666.0,274746.0,1375
2026-03-04 20:15:00,274398.0,275747.0,270490.0,271919.0,2348
2026-03-04 20:30:00,271680.0,273732.0,271607.0,271708.0,958
2026-03-04 20:45:00,271600.0,274498.0,271200.0,274393.0,963
2026-03-04 21:00:00,274544.0,275198.0,272400.0,272604.0,559
2026-03-04 21:15:00,273000.0,274230.0,272427.0,274174.0,339
2026-03-04 21:30:00,274350.0,275064.0,273100.0,273100.0,516
2026-03-04 21:45:00,273570.0,273800.0,272332.0,273106.0,451
2026-03-04 22:00:00,272917.0,274097.0,272550.0,273434.0,357
2026-03-04 22:15:00,273250.0,273600.0,272721.0,273017.0,184
2026-03-04 22:30:00,272760.0,273750.0,272568.0,273258.0,278
2026-03-04 22:45:00,273500.0,273658.0,271751.0,273133.0,405
2026-03-04 23:00:00,273000.0,273200.0,272090.0,272275.0,287
2026-03-04 23:15:00,272395.0,273589.0,272016.0,273162.0,391
2026-03-04 23:30:00,273190.0,273300.0,270890.0,271402.0,757
2026-03-04 23:45:00,271581.0,271922.0,270847.0,271842.0,558
2026-03-05 09:00:00,279057.0,279057.0,274221.0,276016.0,918
2026-03-05 09:15:00,276000.0,277482.0,275600.0,275673.0,708
2026-03-05 09:30:00,275784.0,276520.0,275537.0,276387.0,272
2026-03-05 09:45:00,276500.0,276687.0,275749.0,276028.0,194
2026-03-05 10:00:00,275862.0,276025.0,274600.0,274750.0,396
2026-03-05 10:15:00,274695.0,275187.0,274001.0,275174.0,390
2026-03-05 10:30:00,275180.0,275639.0,275000.0,275124.0,179
2026-03-05 10:45:00,275200.0,275547.0,274550.0,275369.0,161
2026-03-05 11:00:00,275500.0,275592.0,273401.0,274295.0,370
2026-03-05 11:15:00,274100.0,274553.0,269420.0,269569.0,1058
2026-03-05 11:30:00,269413.0,270849.0,264750.0,268100.0,2969
2026-03-05 11:45:00,268150.0,269379.0,267200.0,268452.0,902
2026-03-05 12:00:00,268300.0,269265.0,267318.0,269000.0,482
2026-03-05 12:15:00,269049.0,272146.0,268783.0,271448.0,885
2026-03-05 12:30:00,271308.0,271954.0,270016.0,271383.0,572
2026-03-05 12:45:00,271178.0,271598.0,270369.0,271107.0,336
2026-03-05 13:00:00,271111.0,272000.0,270729.0,271438.0,205
2026-03-05 13:15:00,271467.0,272750.0,271467.0,271953.0,384
2026-03-05 13:30:00,271900.0,272037.0,269500.0,269753.0,714
2026-03-05 13:45:00,269753.0,270497.0,269222.0,269232.0,349
2026-03-05 14:00:00,269434.0,271000.0,269434.0,270798.0,296
2026-03-05 14:15:00,270950.0,272090.0,270940.0,272004.0,329
2026-03-05 14:30:00,271884.0,273803.0,271370.0,273483.0,932
2026-03-05 14:45:00,273632.0,274080.0,272091.0,272311.0,529
2026-03-05 15:00:00,272145.0,272883.0,271322.0,271971.0,456
2026-03-05 15:15:00,272000.0,272367.0,271563.0,272039.0,226
2026-03-05 15:30:00,271925.0,271925.0,270662.0,271322.0,320
2026-03-05 15:45:00,271400.0,271700.0,271160.0,271394.0,145
2026-03-05 16:00:00,271600.0,271772.0,270350.0,270997.0,235
2026-03-05 16:15:00,271128.0,272665.0,271010.0,271904.0,278
2026-03-05 16:30:00,271944.0,273180.0,271904.0,273175.0,236
2026-03-05 16:45:00,273139.0,273271.0,272555.0,272555.0,258
2026-03-05 17:00:00,272400.0,272698.0,272100.0,272225.0,138
2026-03-05 17:15:00,272250.0,273019.0,272151.0,272335.0,213
2026-03-05 17:30:00,272422.0,273666.0,272155.0,273295.0,283
2026-03-05 17:45:00,273193.0,273996.0,272800.0,272998.0,327
2026-03-05 18:00:00,272910.0,273002.0,272638.0,272758.0,157
2026-03-05 18:15:00,272600.0,272894.0,271500.0,271500.0,331
2026-03-05 18:30:00,271606.0,271731.0,269019.0,270193.0,1015
2026-03-05 18:45:00,270048.0,270284.0,267133.0,269400.0,1754
2026-03-05 19:00:00,269487.0,270666.0,269048.0,269597.0,623
2026-03-05 19:15:00,269564.0,269900.0,268332.0,268888.0,521
2026-03-05 19:30:00,268850.0,269890.0,268500.0,269308.0,463
2026-03-05 19:45:00,269460.0,269500.0,267745.0,269060.0,497
2026-03-05 20:00:00,269157.0,270685.0,267778.0,268450.0,937
2026-03-05 20:15:00,268514.0,269659.0,268012.0,269255.0,365
2026-03-05 20:30:00,269500.0,270895.0,267745.0,269003.0,972
2026-03-05 20:45:00,268850.0,269267.0,267410.0,268250.0,577
2026-03-05 21:00:00,268155.0,268155.0,267000.0,267235.0,644
2026-03-05 21:15:00,267398.0,269108.0,267378.0,269108.0,458
2026-03-05 21:30:00,269006.0,269161.0,267605.0,268389.0,300
2026-03-05 21:45:00,268302.0,268389.0,266414.0,267000.0,690
2026-03-05 22:00:00,267305.0,268064.0,266416.0,267803.0,478
2026-03-05 22:15:00,267720.0,268330.0,267500.0,267744.0,251
2026-03-05 22:30:00,267897.0,269400.0,267619.0,269183.0,508
2026-03-05 22:45:00,269187.0,269579.0,268341.0,268341.0,364
2026-03-05 23:00:00,268371.0,268420.0,267500.0,267751.0,420
2026-03-05 23:15:00,267912.0,268248.0,267237.0,267827.0,449
2026-03-05 23:30:00,267776.0,269247.0,267708.0,268874.0,538
2026-03-05 23:45:00,268821.0,270000.0,268800.0,269000.0,496
2026-03-06 09:00:00,273600.0,276000.0,272758.0,273424.0,1381
2026-03-06 09:15:00,273473.0,274314.0,273300.0,273557.0,556
2026-03-06 09:30:00,273472.0,274199.0,273297.0,273875.0,351
2026-03-06 09:45:00,273869.0,274000.0,272513.0,272800.0,405
2026-03-06 10:00:00,272723.0,273552.0,272723.0,273073.0,257
2026-03-06 10:15:00,273188.0,273778.0,273188.0,273352.0,200
2026-03-06 10:30:00,273298.0,273505.0,273056.0,273110.0,159
2026-03-06 10:45:00,273121.0,273308.0,272304.0,272702.0,185
2026-03-06 11:00:00,272700.0,272747.0,271800.0,272300.0,346
2026-03-06 11:15:00,272249.0,272249.0,270803.0,271600.0,483
2026-03-06 11:30:00,271500.0,272196.0,271107.0,271877.0,219
2026-03-06 11:45:00,271950.0,273033.0,271700.0,272682.0,361
2026-03-06 12:00:00,272493.0,273184.0,271901.0,272749.0,235
2026-03-06 12:15:00,272780.0,273355.0,272568.0,272897.0,250
2026-03-06 12:30:00,272800.0,273020.0,271892.0,272459.0,192
2026-03-06 12:45:00,272458.0,272806.0,272306.0,272488.0,113
2026-03-06 13:00:00,272466.0,272799.0,272230.0,272361.0,81
2026-03-06 13:15:00,272363.0,273480.0,272294.0,273480.0,168
2026-03-06 13:30:00,273400.0,273910.0,272858.0,273369.0,277
2026-03-06 13:45:00,273360.0,273507.0,272107.0,272593.0,223
2026-03-06 14:00:00,272363.0,272962.0,272237.0,272789.0,113
2026-03-06 14:15:00,272765.0,273273.0,272736.0,272963.0,108
2026-03-06 14:30:00,272950.0,272950.0,272100.0,272288.0,144
2026-03-06 14:45:00,272210.0,272428.0,271250.0,271504.0,308
2026-03-06 15:00:00,271500.0,271800.0,269225.0,270300.0,847
2026-03-06 15:15:00,270298.0,270608.0,269022.0,269742.0,675
2026-03-06 15:30:00,269623.0,269738.0,268126.0,269412.0,605
2026-03-06 15:45:00,269352.0,270696.0,269200.0,270352.0,439
2026-03-06 16:00:00,270330.0,270501.0,269003.0,269006.0,222
2026-03-06 16:15:00,269167.0,269959.0,268853.0,269819.0,244
2026-03-06 16:30:00,269944.0,269944.0,268800.0,269068.0,225
2026-03-06 16:45:00,269265.0,270858.0,269162.0,270426.0,392
2026-03-06 17:00:00,270396.0,270552.0,268800.0,268902.0,248
2026-03-06 17:15:00,268884.0,269162.0,267600.0,268502.0,816
2026-03-06 17:30:00,268352.0,269376.0,268352.0,268936.0,401
2026-03-06 17:45:00,268930.0,269045.0,268354.0,268569.0,262
2026-03-06 18:00:00,268650.0,269826.0,268607.0,269620.0,404
2026-03-06 18:15:00,269616.0,269698.0,268503.0,268747.0,392
2026-03-06 18:30:00,268850.0,268953.0,267103.0,267926.0,962
2026-03-06 18:45:00,267753.0,269311.0,267753.0,269124.0,561
2026-03-06 19:00:00,269196.0,272704.0,269196.0,272250.0,2448
2026-03-06 19:15:00,272132.0,272378.0,269120.0,269972.0,1023
2026-03-06 19:30:00,269596.0,270736.0,269333.0,270074.0,539
2026-03-06 19:45:00,270003.0,270731.0,269400.0,270438.0,368
2026-03-06 20:00:00,270300.0,271235.0,269367.0,269558.0,745
2026-03-06 20:15:00,269680.0,272300.0,269206.0,272148.0,805
2026-03-06 20:30:00,272379.0,274613.0,272235.0,273446.0,2661
2026-03-06 20:45:00,273497.0,275450.0,273220.0,274707.0,1478
2026-03-06 21:00:00,274730.0,276800.0,274730.0,275249.0,2019
2026-03-06 21:15:00,275122.0,275467.0,273827.0,274932.0,905
2026-03-06 21:30:00,274781.0,275939.0,274728.0,275799.0,686
2026-03-06 21:45:00,275801.0,276490.0,274953.0,275600.0,786
2026-03-06 22:00:00,275600.0,275920.0,273539.0,274708.0,899
2026-03-06 22:15:00,274634.0,275240.0,273840.0,274200.0,720
2026-03-06 22:30:00,274225.0,274225.0,273216.0,273762.0,563
2026-03-06 22:45:00,273911.0,274700.0,273731.0,274490.0,420
2026-03-06 23:00:00,274303.0,275450.0,274271.0,274702.0,476
2026-03-06 23:15:00,274784.0,275171.0,274421.0,274769.0,373
2026-03-06 23:30:00,274714.0,275253.0,274361.0,274441.0,565
2026-03-06 23:45:00,274545.0,274962.0,274123.0,274962.0,586
2026-03-09 09:00:00,270313.0,272000.0,269111.0,270900.0,994
2026-03-09 09:15:00,271015.0,271364.0,270629.0,271158.0,358
2026-03-09 09:30:00,271123.0,271746.0,270564.0,271460.0,488
2026-03-09 09:45:00,271497.0,271499.0,268589.0,268751.0,908
2026-03-09 10:00:00,268934.0,269000.0,267385.0,267700.0,1073
2026-03-09 10:15:00,267726.0,267864.0,266551.0,267070.0,786
2026-03-09 10:30:00,267000.0,269198.0,266589.0,268037.0,747
2026-03-09 10:45:00,268076.0,268698.0,266705.0,268302.0,667
2026-03-09 11:00:00,268500.0,271390.0,268100.0,271249.0,709
2026-03-09 11:15:00,271065.0,271853.0,270125.0,270592.0,771
2026-03-09 11:30:00,270616.0,272400.0,270100.0,271804.0,695
2026-03-09 11:45:00,271716.0,272224.0,271500.0,271750.0,473
2026-03-09 12:00:00,271872.0,271951.0,270316.0,270555.0,565
2026-03-09 12:15:00,270676.0,270738.0,269671.0,270187.0,360
2026-03-09 12:30:00,269753.0,270250.0,268709.0,269848.0,409
2026-03-09 12:45:00,269629.0,270431.0,268880.0,269717.0,284
2026-03-09 13:00:00,269718.0,270471.0,269326.0,269836.0,144
2026-03-09 13:15:00,269708.0,270152.0,269269.0,270078.0,158
2026-03-09 13:30:00,270299.0,270979.0,269982.0,270196.0,274
2026-03-09 13:45:00,269923.0,270645.0,269561.0,269698.0,110
2026-03-09 14:00:00,269560.0,270243.0,269414.0,269414.0,186
2026-03-09 14:15:00,269400.0,270100.0,269166.0,269696.0,205
2026-03-09 14:30:00,269696.0,270588.0,269453.0,270588.0,170
2026-03-09 14:45:00,270530.0,271200.0,270417.0,271052.0,237
2026-03-09 15:00:00,271055.0,271435.0,270070.0,270176.0,239
2026-03-09 15:15:00,270006.0,270472.0,269800.0,270301.0,182
2026-03-09 15:30:00,270387.0,270700.0,269871.0,270500.0,135
2026-03-09 15:45:00,270523.0,271099.0,270143.0,270233.0,169
2026-03-09 16:00:00,270233.0,270600.0,269900.0,270280.0,174
2026-03-09 16:15:00,270061.0,270300.0,269037.0,269498.0,232
2026-03-09 16:30:00,269548.0,269900.0,269000.0,269000.0,301
2026-03-09 16:45:00,269091.0,269512.0,268300.0,268725.0,418
2026-03-09 17:00:00,268997.0,269350.0,268650.0,268749.0,192
2026-03-09 17:15:00,268700.0,269793.0,268600.0,269002.0,192
2026-03-09 17:30:00,269007.0,269904.0,269007.0,269769.0,254
2026-03-09 17:45:00,269649.0,270645.0,269564.0,270597.0,345
2026-03-09 18:00:00,270486.0,270941.0,269963.0,270206.0,207
2026-03-09 18:15:00,270083.0,270097.0,269400.0,269832.0,134
2026-03-09 18:30:00,269882.0,270994.0,269882.0,270803.0,270
2026-03-09 18:45:00,270709.0,271756.0,270708.0,271649.0,416
2026-03-09 19:00:00,271528.0,273840.0,270373.0,271275.0,1536
2026-03-09 19:15:00,271100.0,271850.0,270001.0,270370.0,623
2026-03-09 19:30:00,270430.0,271600.0,269576.0,270023.0,753
2026-03-09 19:45:00,270205.0,271319.0,269640.0,271272.0,449
2026-03-09 20:00:00,271000.0,272500.0,271000.0,272500.0,626
2026-03-09 20:15:00,272500.0,272810.0,272005.0,272610.0,335
2026-03-09 20:30:00,272608.0,272715.0,271606.0,272484.0,275
2026-03-09 20:45:00,272650.0,272900.0,271882.0,272824.0,332
2026-03-09 21:00:00,272592.0,273262.0,272592.0,272900.0,358
2026-03-09 21:15:00,272889.0,273500.0,272500.0,273017.0,239
2026-03-09 21:30:00,273057.0,274500.0,273057.0,273677.0,511
2026-03-09 21:45:00,273650.0,273750.0,272960.0,273652.0,273
2026-03-09 22:00:00,273659.0,274500.0,273659.0,274200.0,337
2026-03-09 22:15:00,274149.0,274351.0,273480.0,273865.0,188
2026-03-09 22:30:00,273795.0,274197.0,273001.0,273130.0,180
2026-03-09 22:45:00,273064.0,273217.0,272224.0,272306.0,414
2026-03-09 23:00:00,272238.0,273036.0,271943.0,272777.0,291
2026-03-09 23:15:00,272798.0,273523.0,272793.0,273523.0,489
2026-03-10 09:00:00,274700.0,289108.0,274700.0,281478.0,2208
2026-03-10 09:15:00,281485.0,281588.0,279650.0,280723.0,990
2026-03-10 09:30:00,280800.0,281487.0,280054.0,281431.0,655
2026-03-10 09:45:00,281388.0,282197.0,281175.0,281198.0,448
2026-03-10 10:00:00,281150.0,282189.0,281150.0,281716.0,354
2026-03-10 10:15:00,281753.0,281933.0,281326.0,281666.0,192
2026-03-10 10:30:00,281750.0,282750.0,281750.0,282707.0,495
2026-03-10 10:45:00,282735.0,282841.0,281664.0,281840.0,336
2026-03-10 11:00:00,282151.0,282944.0,282100.0,282672.0,345
2026-03-10 11:15:00,282564.0,283666.0,282267.0,283500.0,504
2026-03-10 11:30:00,283500.0,283699.0,282622.0,283198.0,355
2026-03-10 11:45:00,283153.0,283299.0,282101.0,282357.0,316
2026-03-10 12:00:00,282403.0,283301.0,282397.0,282877.0,255
2026-03-10 12:15:00,282877.0,282952.0,282544.0,282743.0,85
2026-03-10 12:30:00,282544.0,282861.0,281558.0,281800.0,325
2026-03-10 12:45:00,281712.0,282250.0,280962.0,281555.0,334
2026-03-10 13:00:00,281568.0,282488.0,281202.0,282366.0,208
2026-03-10 13:15:00,282393.0,282740.0,281701.0,282161.0,244
2026-03-10 13:30:00,281939.0,282224.0,281601.0,281934.0,165
2026-03-10 13:45:00,281920.0,282228.0,281682.0,282200.0,96
2026-03-10 14:00:00,282387.0,282920.0,282000.0,282690.0,245
2026-03-10 14:15:00,282680.0,282944.0,281620.0,281666.0,265
2026-03-10 14:30:00,281618.0,282450.0,281618.0,282218.0,107
2026-03-10 14:45:00,282183.0,282449.0,281900.0,282329.0,78
2026-03-10 15:00:00,282280.0,282400.0,282092.0,282211.0,57
2026-03-10 15:15:00,282125.0,282125.0,281554.0,281900.0,132
2026-03-10 15:30:00,281767.0,281933.0,281362.0,281472.0,192
2026-03-10 15:45:00,281440.0,281834.0,281040.0,281040.0,217
2026-03-10 16:00:00,281011.0,281169.0,279893.0,281002.0,563
2026-03-10 16:15:00,281000.0,281166.0,280282.0,280631.0,154
2026-03-10 16:30:00,280550.0,281606.0,280109.0,281000.0,321
2026-03-10 16:45:00,280945.0,281105.0,280201.0,280479.0,245
2026-03-10 17:00:00,280499.0,280685.0,280100.0,280131.0,178
2026-03-10 17:15:00,280136.0,280689.0,280079.0,280500.0,187
2026-03-10 17:30:00,280386.0,281133.0,279351.0,280498.0,648
2026-03-10 17:45:00,280489.0,280679.0,280059.0,280499.0,230
2026-03-10 18:00:00,280500.0,281149.0,280490.0,280778.0,225
2026-03-10 18:15:00,280803.0,281299.0,280360.0,281008.0,250
2026-03-10 18:30:00,280859.0,282876.0,280859.0,282676.0,787
2026-03-10 18:45:00,282820.0,284465.0,282595.0,283400.0,1164
2026-03-10 19:00:00,283252.0,283403.0,282040.0,282580.0,829
2026-03-10 19:15:00,282471.0,283000.0,281379.0,282318.0,666
2026-03-10 19:30:00,282064.0,282723.0,281133.0,281619.0,604
2026-03-10 19:45:00,281715.0,282986.0,281701.0,282663.0,420
2026-03-10 20:00:00,282709.0,282988.0,281811.0,282600.0,328
2026-03-10 20:15:00,282700.0,283172.0,282459.0,282775.0,297
2026-03-10 20:30:00,282833.0,283341.0,282530.0,283250.0,311
2026-03-10 20:45:00,283250.0,283840.0,283107.0,283663.0,564
2026-03-10 21:00:00,283663.0,284400.0,283222.0,283950.0,493
2026-03-10 21:15:00,283949.0,284042.0,283255.0,283554.0,273
2026-03-10 21:30:00,283555.0,283603.0,282702.0,283103.0,360
2026-03-10 21:45:00,283001.0,283884.0,283001.0,283622.0,306
2026-03-10 22:00:00,283659.0,284000.0,283310.0,283697.0,384
2026-03-10 22:15:00,283697.0,283988.0,283407.0,283407.0,255
2026-03-10 22:30:00,283500.0,284000.0,283500.0,283990.0,289
2026-03-10 22:45:00,283990.0,283990.0,283051.0,283312.0,346
2026-03-10 23:00:00,283360.0,283519.0,282264.0,282512.0,567
2026-03-10 23:15:00,282590.0,282793.0,282059.0,282059.0,430
2026-03-11 09:00:00,279651.0,281837.0,279651.0,280950.0,612
2026-03-11 09:15:00,280834.0,280860.0,280142.0,280450.0,539
2026-03-11 09:30:00,280401.0,280990.0,279800.0,280919.0,377
2026-03-11 09:45:00,280950.0,281348.0,280784.0,280868.0,195
2026-03-11 10:00:00,280701.0,281200.0,280601.0,281200.0,133
2026-03-11 10:15:00,281198.0,281198.0,280136.0,280690.0,250
2026-03-11 10:30:00,280617.0,280890.0,280327.0,280377.0,113
2026-03-11 10:45:00,280332.0,280450.0,280000.0,280199.0,163
2026-03-11 11:00:00,280080.0,280193.0,277699.0,279101.0,1235
2026-03-11 11:15:00,279000.0,279056.0,277385.0,278569.0,534
2026-03-11 11:30:00,278269.0,279000.0,277167.0,279000.0,588
2026-03-11 11:45:00,279000.0,279584.0,278915.0,279584.0,350
2026-03-11 12:00:00,279436.0,279489.0,278469.0,278590.0,319
2026-03-11 12:15:00,278500.0,278590.0,277599.0,277900.0,491
2026-03-11 12:30:00,277717.0,278566.0,277612.0,278199.0,276
2026-03-11 12:45:00,278199.0,278400.0,277745.0,278400.0,159
2026-03-11 13:00:00,278401.0,278472.0,275800.0,276720.0,841
2026-03-11 13:15:00,276624.0,277400.0,276000.0,277103.0,351
2026-03-11 13:30:00,277194.0,277309.0,276160.0,276950.0,253
2026-03-11 13:45:00,276935.0,277089.0,276341.0,276600.0,185
2026-03-11 14:00:00,276512.0,276834.0,275951.0,276700.0,350
2026-03-11 14:15:00,276652.0,277619.0,276625.0,277112.0,210
2026-03-11 14:30:00,277011.0,277067.0,276349.0,276912.0,121
2026-03-11 14:45:00,276786.0,277105.0,276700.0,276821.0,82
2026-03-11 15:00:00,276821.0,277459.0,276647.0,276864.0,166
2026-03-11 15:15:00,276864.0,276898.0,275321.0,275900.0,464
2026-03-11 15:30:00,275811.0,276950.0,275659.0,276864.0,197
2026-03-11 15:45:00,276886.0,277078.0,276487.0,276778.0,100
2026-03-11 16:00:00,276783.0,276783.0,275933.0,275970.0,193
2026-03-11 16:15:00,275969.0,276350.0,275700.0,275897.0,205
2026-03-11 16:30:00,275842.0,276700.0,275842.0,276500.0,142
2026-03-11 16:45:00,276500.0,276777.0,275700.0,275980.0,244
2026-03-11 17:00:00,275752.0,276164.0,275033.0,275083.0,249
2026-03-11 17:15:00,274887.0,275842.0,274358.0,275073.0,698
2026-03-11 17:30:00,274995.0,276029.0,274500.0,275900.0,282
2026-03-11 17:45:00,275840.0,276490.0,275405.0,275601.0,299
2026-03-11 18:00:00,275699.0,276091.0,274555.0,274648.0,409
2026-03-11 18:15:00,274700.0,274700.0,272727.0,272880.0,1059
2026-03-11 18:30:00,272800.0,274122.0,271400.0,273400.0,1255
2026-03-11 18:45:00,273280.0,274703.0,273280.0,274697.0,349
2026-03-11 19:00:00,274225.0,274346.0,272216.0,272333.0,771
2026-03-11 19:15:00,272247.0,273100.0,270569.0,272751.0,1306
2026-03-11 19:30:00,272800.0,273955.0,272701.0,273713.0,514
2026-03-11 19:45:00,273746.0,274200.0,272800.0,274200.0,237
2026-03-11 20:00:00,274229.0,274389.0,273196.0,274019.0,247
2026-03-11 20:15:00,273969.0,274705.0,273732.0,273865.0,212
2026-03-11 20:30:00,274033.0,274324.0,272510.0,272800.0,289
2026-03-11 20:45:00,272869.0,273650.0,272600.0,273168.0,185
2026-03-11 21:00:00,273157.0,273157.0,272320.0,272776.0,227
2026-03-11 21:15:00,272720.0,273175.0,272285.0,272826.0,217
2026-03-11 21:30:00,272783.0,273000.0,272062.0,272976.0,244
2026-03-11 21:45:00,272899.0,273300.0,272532.0,272982.0,145
2026-03-11 22:00:00,273027.0,274200.0,272951.0,273999.0,304
2026-03-11 22:15:00,273990.0,274099.0,273630.0,273702.0,169
2026-03-11 22:30:00,273700.0,274643.0,273700.0,273950.0,268
2026-03-11 22:45:00,274039.0,274559.0,273700.0,274499.0,230
2026-03-11 23:00:00,274501.0,274599.0,273381.0,273944.0,457
2026-03-11 23:15:00,273992.0,275184.0,273728.0,275150.0,738
2026-03-12 09:00:00,272141.0,274665.0,271322.0,272500.0,646
2026-03-12 09:15:00,272519.0,272848.0,272011.0,272600.0,331
2026-03-12 09:30:00,272567.0,272570.0,272014.0,272512.0,112
2026-03-12 09:45:00,272501.0,272800.0,272227.0,272562.0,165
2026-03-12 10:00:00,272491.0,272568.0,271600.0,271600.0,297
2026-03-12 10:15:00,271630.0,271839.0,271357.0,271424.0,237
2026-03-12 10:30:00,271414.0,272400.0,271401.0,272074.0,179
2026-03-12 10:45:00,272109.0,272292.0,271651.0,271916.0,179
2026-03-12 11:00:00,271865.0,273778.0,271735.0,273495.0,337
2026-03-12 11:15:00,273551.0,274349.0,273551.0,274102.0,344
2026-03-12 11:30:00,274309.0,274600.0,273773.0,274497.0,345
2026-03-12 11:45:00,274392.0,274600.0,273780.0,274483.0,287
2026-03-12 12:00:00,274555.0,278364.0,274541.0,277854.0,1291
2026-03-12 12:15:00,277769.0,278300.0,276835.0,276906.0,488
2026-03-12 12:30:00,276900.0,277000.0,276149.0,276990.0,291
2026-03-12 12:45:00,277000.0,277895.0,277000.0,277823.0,310
2026-03-12 13:00:00,277823.0,279300.0,277823.0,279052.0,831
2026-03-12 13:15:00,279053.0,279350.0,278251.0,279150.0,492
2026-03-12 13:30:00,279200.0,280200.0,279031.0,279339.0,679
2026-03-12 13:45:00,279339.0,279454.0,278335.0,278600.0,383
2026-03-12 14:00:00,278510.0,279459.0,277900.0,278017.0,313
2026-03-12 14:15:00,277985.0,278594.0,277601.0,278299.0,218
2026-03-12 14:30:00,278473.0,279000.0,278131.0,278331.0,210
2026-03-12 14:45:00,278164.0,278500.0,278001.0,278101.0,145
2026-03-12 15:00:00,278235.0,279410.0,278235.0,278901.0,370
2026-03-12 15:15:00,278989.0,279691.0,278622.0,279567.0,194
2026-03-12 15:30:00,279467.0,280090.0,279292.0,279445.0,349
2026-03-12 15:45:00,279445.0,279684.0,278920.0,279564.0,234
2026-03-12 16:00:00,279600.0,280055.0,279044.0,279300.0,462
2026-03-12 16:15:00,279302.0,279604.0,279100.0,279421.0,97
2026-03-12 16:30:00,279407.0,279529.0,278660.0,278742.0,123
2026-03-12 16:45:00,278724.0,279000.0,278444.0,278781.0,161
2026-03-12 17:00:00,278900.0,279354.0,278889.0,279300.0,112
2026-03-12 17:15:00,279350.0,279449.0,278689.0,278891.0,106
2026-03-12 17:30:00,278926.0,279351.0,278058.0,278471.0,293
2026-03-12 17:45:00,278185.0,278741.0,277721.0,278727.0,267
2026-03-12 18:00:00,278591.0,279316.0,278566.0,278999.0,254
2026-03-12 18:15:00,278999.0,279900.0,278999.0,279716.0,341
2026-03-12 18:30:00,279738.0,280500.0,279027.0,279763.0,491
2026-03-12 18:45:00,279500.0,279500.0,277999.0,278483.0,445
2026-03-12 19:00:00,278066.0,278490.0,276503.0,277500.0,841
2026-03-12 19:15:00,277420.0,277629.0,276011.0,276011.0,599
2026-03-12 19:30:00,276010.0,277091.0,275601.0,276986.0,613
2026-03-12 19:45:00,277200.0,277300.0,275500.0,275621.0,539
2026-03-12 20:00:00,275757.0,275757.0,273858.0,275439.0,1122
2026-03-12 20:15:00,275470.0,276200.0,274100.0,275218.0,587
2026-03-12 20:30:00,275107.0,275300.0,272538.0,273608.0,875
2026-03-12 20:45:00,273627.0,274788.0,272844.0,274685.0,439
2026-03-12 21:00:00,274685.0,274685.0,272888.0,274163.0,648
2026-03-12 21:15:00,274250.0,274820.0,273857.0,274500.0,185
2026-03-12 21:30:00,274495.0,275399.0,273047.0,273760.0,387
2026-03-12 21:45:00,273826.0,274960.0,273809.0,274300.0,290
2026-03-12 22:00:00,274300.0,274850.0,273500.0,274563.0,290
2026-03-12 22:15:00,274670.0,274811.0,273800.0,273800.0,132
2026-03-12 22:30:00,273801.0,274300.0,273700.0,273700.0,141
2026-03-12 22:45:00,273644.0,273839.0,273062.0,273400.0,333
2026-03-12 23:00:00,273383.0,273600.0,273046.0,273316.0,273
2026-03-12 23:15:00,273417.0,274172.0,273166.0,273956.0,455
2026-03-13 09:00:00,273700.0,273700.0,271225.0,272906.0,753
2026-03-13 09:15:00,272931.0,274788.0,272770.0,274102.0,455
2026-03-13 09:30:00,274121.0,274271.0,273504.0,273504.0,228
2026-03-13 09:45:00,273600.0,273600.0,272349.0,272400.0,323
2026-03-13 10:00:00,272615.0,273200.0,272362.0,273088.0,248
2026-03-13 10:15:00,273038.0,273226.0,272604.0,272847.0,154
2026-03-13 10:30:00,272790.0,273719.0,272790.0,273372.0,197
2026-03-13 10:45:00,273590.0,273846.0,272967.0,272967.0,175
2026-03-13 11:00:00,273069.0,273069.0,271301.0,271533.0,528
2026-03-13 11:15:00,271449.0,272200.0,270327.0,271357.0,673
2026-03-13 11:30:00,271350.0,271872.0,271000.0,271348.0,296
2026-03-13 11:45:00,271348.0,271348.0,268602.0,269276.0,819
2026-03-13 12:00:00,269226.0,269986.0,268620.0,268700.0,523
2026-03-13 12:15:00,268690.0,269150.0,267852.0,268585.0,807
2026-03-13 12:30:00,268650.0,269443.0,268630.0,268632.0,373
2026-03-13 12:45:00,268600.0,268600.0,266250.0,267630.0,1099
2026-03-13 13:00:00,267750.0,268853.0,267690.0,268356.0,409
2026-03-13 13:15:00,268356.0,268850.0,267740.0,268289.0,150
2026-03-13 13:30:00,268178.0,268178.0,266652.0,268142.0,407
2026-03-13 13:45:00,268050.0,268135.0,266457.0,267122.0,344
2026-03-13 14:00:00,267050.0,269110.0,267050.0,268514.0,433
2026-03-13 14:15:00,268333.0,269347.0,268000.0,269228.0,332
2026-03-13 14:30:00,269222.0,269935.0,268901.0,269293.0,386
2026-03-13 14:45:00,269264.0,269469.0,268551.0,269452.0,238
2026-03-13 15:00:00,269452.0,269651.0,268551.0,268731.0,255
2026-03-13 15:15:00,268836.0,269998.0,268800.0,269776.0,251
2026-03-13 15:30:00,269775.0,270435.0,269150.0,270404.0,196
2026-03-13 15:45:00,270302.0,270699.0,269780.0,269780.0,217
2026-03-13 16:00:00,269780.0,270314.0,269105.0,270314.0,230
2026-03-13 16:15:00,270196.0,271443.0,270002.0,270659.0,505
2026-03-13 16:30:00,270797.0,271146.0,270000.0,270301.0,236
2026-03-13 16:45:00,270642.0,271060.0,270318.0,270894.0,141
2026-03-13 17:00:00,270894.0,270951.0,270263.0,270384.0,118
2026-03-13 17:15:00,270505.0,271900.0,270361.0,271651.0,414
2026-03-13 17:30:00,271651.0,273195.0,271651.0,272444.0,701
2026-03-13 17:45:00,272474.0,273079.0,271902.0,272878.0,485
2026-03-13 18:00:00,272990.0,273543.0,272300.0,272679.0,502
2026-03-13 18:15:00,272474.0,274098.0,272474.0,273488.0,584
2026-03-13 18:30:00,273415.0,273927.0,272350.0,273081.0,434
2026-03-13 18:45:00,273137.0,273505.0,272557.0,272574.0,254
2026-03-13 19:00:00,272427.0,272594.0,270222.0,271896.0,875
2026-03-13 19:15:00,272167.0,272837.0,270901.0,271192.0,580
2026-03-13 19:30:00,270992.0,271498.0,268801.0,268801.0,951
2026-03-13 19:45:00,268648.0,269227.0,267799.0,268530.0,1239
2026-03-13 20:00:00,268518.0,269234.0,267622.0,267907.0,675
2026-03-13 20:15:00,267883.0,268264.0,264318.0,264422.0,2579
2026-03-13 20:30:00,264298.0,267100.0,264235.0,266808.0,1283
2026-03-13 20:45:00,266679.0,266777.0,265200.0,265750.0,624
2026-03-13 21:00:00,265700.0,265988.0,263746.0,264004.0,1158
2026-03-13 21:15:00,264093.0,265267.0,262800.0,263011.0,1055
2026-03-13 21:30:00,263151.0,263603.0,260818.0,262903.0,1911
2026-03-13 21:45:00,262950.0,263200.0,261758.0,262602.0,648
2026-03-13 22:00:00,262737.0,264145.0,262598.0,263040.0,736
2026-03-13 22:15:00,263171.0,264377.0,262446.0,263741.0,450
2026-03-13 22:30:00,263693.0,265700.0,263693.0,265700.0,846
2026-03-13 22:45:00,265649.0,266304.0,265349.0,265900.0,828
2026-03-13 23:00:00,265832.0,266397.0,265486.0,265532.0,523
2026-03-13 23:15:00,265539.0,266100.0,265003.0,265707.0,793
2026-03-16 09:00:00,262420.0,262423.0,260210.0,261499.0,1272
2026-03-16 09:15:00,261443.0,261813.0,260956.0,261252.0,435
2026-03-16 09:30:00,261187.0,262448.0,261148.0,262372.0,361
2026-03-16 09:45:00,262326.0,262771.0,261500.0,261500.0,310
2026-03-16 10:00:00,261500.0,261949.0,260592.0,260912.0,295
2026-03-16 10:15:00,260901.0,261000.0,259785.0,260001.0,555
2026-03-16 10:30:00,260138.0,260660.0,259371.0,260239.0,673
2026-03-16 10:45:00,260319.0,260319.0,258756.0,259246.0,488
2026-03-16 11:00:00,258688.0,260741.0,258000.0,260740.0,785
2026-03-16 11:15:00,260800.0,261337.0,260317.0,260947.0,317
2026-03-16 11:30:00,260993.0,261251.0,259902.0,261122.0,236
2026-03-16 11:45:00,261247.0,262589.0,260718.0,260905.0,481
2026-03-16 12:00:00,260908.0,261281.0,259501.0,260194.0,362
2026-03-16 12:15:00,260050.0,260479.0,259012.0,260280.0,268
2026-03-16 12:30:00,260300.0,260849.0,259727.0,259800.0,203
2026-03-16 12:45:00,259600.0,259717.0,258190.0,258687.0,472
2026-03-16 13:00:00,258687.0,259395.0,257708.0,257768.0,411
2026-03-16 13:15:00,257793.0,259233.0,257793.0,257880.0,299
2026-03-16 13:30:00,257940.0,258500.0,257030.0,257058.0,588
2026-03-16 13:45:00,257042.0,258382.0,256521.0,257867.0,469
2026-03-16 14:00:00,257945.0,258162.0,256243.0,256243.0,337
2026-03-16 14:15:00,256238.0,257942.0,256000.0,257714.0,434
2026-03-16 14:30:00,257746.0,257869.0,256600.0,257700.0,288
2026-03-16 14:45:00,257716.0,258192.0,257450.0,257525.0,464
2026-03-16 15:00:00,257506.0,257506.0,256001.0,256001.0,285
2026-03-16 15:15:00,256001.0,256591.0,254868.0,255010.0,774
2026-03-16 15:30:00,255050.0,255050.0,252760.0,252823.0,1323
2026-03-16 15:45:00,252905.0,255217.0,252905.0,255052.0,660
2026-03-16 16:00:00,255052.0,255435.0,254146.0,255002.0,359
2026-03-16 16:15:00,254756.0,257320.0,254756.0,257000.0,795
2026-03-16 16:30:00,257013.0,257386.0,256310.0,256999.0,369
2026-03-16 16:45:00,257000.0,258182.0,256850.0,257433.0,637
2026-03-16 17:00:00,257262.0,258186.0,256876.0,257714.0,387
2026-03-16 17:15:00,257554.0,257851.0,256400.0,256619.0,394
2026-03-16 17:30:00,256595.0,257531.0,256411.0,257498.0,215
2026-03-16 17:45:00,257353.0,259201.0,257300.0,259112.0,550
2026-03-16 18:00:00,259112.0,259990.0,259112.0,259456.0,722
2026-03-16 18:15:00,259625.0,260719.0,259544.0,260707.0,564
2026-03-16 18:30:00,260831.0,261109.0,259500.0,260821.0,732
2026-03-16 18:45:00,260880.0,262749.0,260880.0,262450.0,1089
2026-03-16 19:00:00,262407.0,265467.0,261935.0,263566.0,1652
2026-03-16 19:15:00,263589.0,264058.0,262604.0,263554.0,602
2026-03-16 19:30:00,263522.0,264384.0,263088.0,263651.0,737
2026-03-16 19:45:00,263764.0,263990.0,261760.0,262000.0,1007
2026-03-16 20:00:00,261720.0,262366.0,260507.0,260565.0,994
2026-03-16 20:15:00,260606.0,262350.0,259669.0,262141.0,1026
2026-03-16 20:30:00,262200.0,263475.0,261604.0,262425.0,694
2026-03-16 20:45:00,262349.0,263678.0,262118.0,262557.0,483
2026-03-16 21:00:00,262500.0,263328.0,262321.0,262442.0,172
2026-03-16 21:15:00,262447.0,262559.0,261000.0,261045.0,398
2026-03-16 21:30:00,260970.0,262733.0,260739.0,262121.0,369
2026-03-16 21:45:00,262444.0,262620.0,260611.0,260611.0,402
2026-03-16 22:00:00,260712.0,261762.0,259549.0,261174.0,811
2026-03-16 22:15:00,261224.0,262072.0,260921.0,261550.0,284
2026-03-16 22:30:00,261552.0,263233.0,261552.0,263100.0,392
2026-03-16 22:45:00,263051.0,263223.0,262148.0,263010.0,442
2026-03-16 23:00:00,263020.0,263099.0,261811.0,262090.0,435
2026-03-16 23:15:00,262184.0,262500.0,261923.0,262200.0,558
2026-03-17 09:00:00,264945.0,266500.0,264343.0,264500.0,993
2026-03-17 09:15:00,264467.0,265428.0,264008.0,265111.0,447
2026-03-17 09:30:00,265024.0,265832.0,265024.0,265686.0,313
2026-03-17 09:45:00,265680.0,267929.0,265357.0,267887.0,952
2026-03-17 10:00:00,267759.0,268842.0,267758.0,268462.0,908
2026-03-17 10:15:00,268668.0,268800.0,267754.0,268024.0,361
2026-03-17 10:30:00,268053.0,268317.0,267018.0,268317.0,390
2026-03-17 10:45:00,268203.0,268400.0,267351.0,267579.0,202
2026-03-17 11:00:00,267300.0,267654.0,266255.0,266402.0,437
2026-03-17 11:15:00,266303.0,266373.0,264583.0,264752.0,580
2026-03-17 11:30:00,264897.0,265145.0,263126.0,263989.0,982
2026-03-17 11:45:00,264082.0,265122.0,263466.0,264902.0,429
2026-03-17 12:00:00,264760.0,265532.0,264266.0,264628.0,352
2026-03-17 12:15:00,264579.0,264605.0,263377.0,263377.0,243
2026-03-17 12:30:00,263351.0,264450.0,263200.0,264221.0,226
2026-03-17 12:45:00,264348.0,264767.0,263467.0,264604.0,175
2026-03-17 13:00:00,264615.0,265308.0,264608.0,264608.0,280
2026-03-17 13:15:00,264450.0,264599.0,263829.0,264124.0,122
2026-03-17 13:30:00,264050.0,264500.0,263063.0,263404.0,311
2026-03-17 13:45:00,263405.0,264550.0,263405.0,264006.0,147
2026-03-17 14:00:00,264015.0,264835.0,263674.0,264757.0,223
2026-03-17 14:15:00,264583.0,264583.0,263802.0,264032.0,171
2026-03-17 14:30:00,264167.0,264167.0,263100.0,263253.0,338
2026-03-17 14:45:00,263147.0,264200.0,263147.0,264089.0,236
2026-03-17 15:00:00,264086.0,264500.0,263689.0,264387.0,232
2026-03-17 15:15:00,264357.0,264395.0,264000.0,264060.0,136
2026-03-17 15:30:00,264053.0,264345.0,262025.0,262220.0,653
2026-03-17 15:45:00,262229.0,262898.0,261859.0,262388.0,379
2026-03-17 16:00:00,262262.0,262511.0,260526.0,261086.0,722
2026-03-17 16:15:00,261104.0,261851.0,260025.0,261580.0,656
2026-03-17 16:30:00,261409.0,262856.0,261000.0,262600.0,345
2026-03-17 16:45:00,262791.0,263327.0,262413.0,262519.0,325
2026-03-17 17:00:00,262485.0,262686.0,261208.0,261563.0,518
2026-03-17 17:15:00,261775.0,262492.0,260703.0,260889.0,388
2026-03-17 17:30:00,260794.0,261480.0,260221.0,261450.0,343
2026-03-17 17:45:00,261400.0,263050.0,261355.0,262842.0,390
2026-03-17 18:00:00,262789.0,263884.0,262400.0,262639.0,544
2026-03-17 18:15:00,262462.0,262867.0,261629.0,262866.0,247
2026-03-17 18:30:00,262870.0,263652.0,262513.0,263200.0,397
2026-03-17 18:45:00,263385.0,264133.0,262501.0,262866.0,502
2026-03-17 19:00:00,262866.0,264475.0,262866.0,264000.0,367
2026-03-17 19:15:00,264001.0,264350.0,262910.0,264102.0,443
2026-03-17 19:30:00,264300.0,264374.0,262948.0,263602.0,308
2026-03-17 19:45:00,263384.0,263384.0,262001.0,262429.0,305
2026-03-17 20:00:00,262550.0,262856.0,261547.0,262611.0,402
2026-03-17 20:15:00,262501.0,263053.0,260974.0,261101.0,523
2026-03-17 20:30:00,261133.0,261976.0,260200.0,260671.0,549
2026-03-17 20:45:00,260560.0,261496.0,259403.0,259445.0,687
2026-03-17 21:00:00,259450.0,259897.0,256158.0,258331.0,1917
2026-03-17 21:15:00,258362.0,258946.0,257802.0,258057.0,771
2026-03-17 21:30:00,258100.0,258273.0,256766.0,257803.0,544
2026-03-17 21:45:00,257700.0,259068.0,257369.0,258921.0,470
2026-03-17 22:00:00,258971.0,259287.0,258120.0,258488.0,373
2026-03-17 22:15:00,258537.0,258700.0,257900.0,258586.0,212
2026-03-17 22:30:00,258584.0,259596.0,258584.0,258605.0,451
2026-03-17 22:45:00,258561.0,259699.0,258500.0,259101.0,341
2026-03-17 23:00:00,259101.0,259150.0,258600.0,258806.0,377
2026-03-17 23:15:00,258723.0,260500.0,258500.0,260500.0,520
2026-03-18 09:00:00,258497.0,258497.0,256648.0,257118.0,561
2026-03-18 09:15:00,257088.0,257479.0,256052.0,256439.0,596
2026-03-18 09:30:00,256577.0,256829.0,256273.0,256647.0,303
2026-03-18 09:45:00,256528.0,256690.0,256439.0,256570.0,135
2026-03-18 10:00:00,256569.0,256569.0,255300.0,255750.0,641
2026-03-18 10:15:00,255749.0,256149.0,255441.0,255640.0,232
2026-03-18 10:30:00,255700.0,257877.0,255682.0,257270.0,678
2026-03-18 10:45:00,257311.0,258432.0,257062.0,257802.0,356
2026-03-18 11:00:00,257800.0,259068.0,256894.0,258437.0,781
2026-03-18 11:15:00,258514.0,258618.0,257055.0,257500.0,368
2026-03-18 11:30:00,257590.0,259134.0,257501.0,259081.0,312
2026-03-18 11:45:00,259099.0,260246.0,258679.0,259627.0,636
2026-03-18 12:00:00,259604.0,260614.0,259104.0,259402.0,657
2026-03-18 12:15:00,259430.0,259799.0,258650.0,259329.0,369
2026-03-18 12:30:00,259392.0,260215.0,259283.0,259334.0,198
2026-03-18 12:45:00,259400.0,259570.0,258840.0,259570.0,203
2026-03-18 13:00:00,259690.0,259886.0,258925.0,259059.0,147
2026-03-18 13:15:00,259000.0,259000.0,257900.0,258881.0,390
2026-03-18 13:30:00,258882.0,258900.0,257850.0,258346.0,187
2026-03-18 13:45:00,258200.0,258346.0,257138.0,257846.0,387
2026-03-18 14:00:00,257989.0,258089.0,257232.0,257650.0,123
2026-03-18 14:15:00,257708.0,258272.0,257350.0,258030.0,164
2026-03-18 14:30:00,258030.0,258680.0,258027.0,258027.0,256
2026-03-18 14:45:00,258200.0,259230.0,257972.0,258791.0,470
2026-03-18 15:00:00,258940.0,259663.0,258693.0,259418.0,429
2026-03-18 15:15:00,259512.0,259881.0,259213.0,259564.0,385
2026-03-18 15:30:00,259499.0,259598.0,258546.0,259057.0,443
2026-03-18 15:45:00,258817.0,259563.0,258525.0,258817.0,351
2026-03-18 16:00:00,259096.0,259150.0,258000.0,258794.0,333
2026-03-18 16:15:00,258643.0,259064.0,257400.0,257798.0,608
2026-03-18 16:30:00,258093.0,258525.0,257000.0,258337.0,665
2026-03-18 16:45:00,258463.0,258748.0,257000.0,257305.0,437
2026-03-18 17:00:00,257255.0,257985.0,256256.0,256604.0,778
2026-03-18 17:15:00,256477.0,257169.0,255734.0,255830.0,888
2026-03-18 17:30:00,255920.0,256920.0,255000.0,255200.0,1081
2026-03-18 17:45:00,255291.0,256067.0,254192.0,255498.0,1165
2026-03-18 18:00:00,255498.0,255498.0,253800.0,254174.0,965
2026-03-18 18:15:00,254059.0,255455.0,253641.0,253999.0,809
2026-03-18 18:30:00,253309.0,253309.0,249722.0,250280.0,3414
2026-03-18 18:45:00,250136.0,251846.0,248705.0,251602.0,2342
2026-03-18 19:00:00,251199.0,253844.0,250612.0,252873.0,1413
2026-03-18 19:15:00,252909.0,253939.0,251301.0,253494.0,1361
2026-03-18 19:30:00,253522.0,254943.0,252776.0,252849.0,1508
2026-03-18 19:45:00,252849.0,253206.0,251207.0,251403.0,707
2026-03-18 20:00:00,251250.0,252133.0,250742.0,251261.0,668
2026-03-18 20:15:00,251400.0,252600.0,251245.0,252527.0,571
2026-03-18 20:30:00,252664.0,253249.0,252247.0,252621.0,511
2026-03-18 20:45:00,252591.0,252990.0,251513.0,251994.0,370
2026-03-18 21:00:00,251800.0,252703.0,251355.0,251470.0,334
2026-03-18 21:15:00,251349.0,252000.0,251305.0,251518.0,280
2026-03-18 21:30:00,251518.0,252445.0,251219.0,252443.0,409
2026-03-18 21:45:00,252301.0,253401.0,252003.0,253400.0,589
2026-03-18 22:00:00,253400.0,253494.0,252401.0,253317.0,376
2026-03-18 22:15:00,253391.0,253675.0,252829.0,253011.0,278
2026-03-18 22:30:00,252979.0,253286.0,252490.0,252623.0,320
2026-03-18 22:45:00,252690.0,254072.0,252690.0,253532.0,669
2026-03-18 23:00:00,253588.0,254372.0,253156.0,253925.0,531
2026-03-18 23:15:00,253969.0,254100.0,253197.0,253237.0,881
2026-03-19 09:00:00,249250.0,251800.0,249250.0,250650.0,950
2026-03-19 09:15:00,250650.0,250880.0,250003.0,250003.0,407
2026-03-19 09:30:00,249910.0,249982.0,248227.0,249139.0,1029
2026-03-19 09:45:00,249156.0,249980.0,249050.0,249288.0,376
2026-03-19 10:00:00,249312.0,249878.0,248872.0,249264.0,240
2026-03-19 10:15:00,249111.0,249943.0,249094.0,249841.0,245
2026-03-19 10:30:00,249947.0,250787.0,249656.0,250680.0,353
2026-03-19 10:45:00,250680.0,250970.0,249929.0,249982.0,315
2026-03-19 11:00:00,249785.0,250067.0,247549.0,247602.0,1106
2026-03-19 11:15:00,247729.0,248100.0,246250.0,246358.0,769
2026-03-19 11:30:00,246403.0,247806.0,246403.0,247062.0,556
2026-03-19 11:45:00,247196.0,247309.0,244213.0,244563.0,1252
2026-03-19 12:00:00,244507.0,245106.0,242041.0,242912.0,2166
2026-03-19 12:15:00,243152.0,243359.0,239575.0,242700.0,2059
2026-03-19 12:30:00,242617.0,243964.0,242479.0,242922.0,890
2026-03-19 12:45:00,243000.0,243002.0,241000.0,242100.0,704
2026-03-19 13:00:00,242100.0,242628.0,240678.0,240678.0,623
2026-03-19 13:15:00,240539.0,241369.0,238874.0,238900.0,966
2026-03-19 13:30:00,239168.0,240300.0,238476.0,238476.0,1472
2026-03-19 13:45:00,238476.0,240097.0,237253.0,237531.0,1663
2026-03-19 14:00:00,237612.0,238175.0,235113.0,235140.0,1480
2026-03-19 14:15:00,235395.0,238828.0,234750.0,238251.0,1658
2026-03-19 14:30:00,238384.0,239500.0,237084.0,237712.0,1128
2026-03-19 14:45:00,237603.0,239440.0,237502.0,238332.0,890
2026-03-19 15:00:00,238339.0,239189.0,237852.0,237914.0,593
2026-03-19 15:15:00,237920.0,239099.0,237851.0,238437.0,666
2026-03-19 15:30:00,238442.0,239200.0,238250.0,238524.0,421
2026-03-19 15:45:00,238330.0,238347.0,236700.0,237995.0,674
2026-03-19 16:00:00,238096.0,238740.0,237775.0,238113.0,381
2026-03-19 16:15:00,238150.0,238283.0,236200.0,236721.0,655
2026-03-19 16:30:00,236720.0,237599.0,236100.0,236481.0,394
2026-03-19 16:45:00,236375.0,237571.0,235870.0,237500.0,591
2026-03-19 17:00:00,237626.0,238282.0,235865.0,236238.0,639
2026-03-19 17:15:00,236188.0,236243.0,234070.0,234070.0,913
2026-03-19 17:30:00,233826.0,233877.0,230865.0,231455.0,3085
2026-03-19 17:45:00,231290.0,231888.0,227456.0,228350.0,2281
2026-03-19 18:00:00,228234.0,229000.0,225089.0,225250.0,2803
2026-03-19 18:15:00,225332.0,226133.0,223254.0,224979.0,3935
2026-03-19 18:30:00,224631.0,225014.0,219554.0,224358.0,2930
2026-03-19 18:45:00,224285.0,229333.0,223871.0,228744.0,3265
2026-03-19 19:00:00,228201.0,229095.0,226000.0,227199.0,2164
2026-03-19 19:15:00,227158.0,232902.0,225750.0,232373.0,2677
2026-03-19 19:30:00,232504.0,234599.0,232186.0,233509.0,2505
2026-03-19 19:45:00,233536.0,234145.0,230085.0,230891.0,2186
2026-03-19 20:00:00,230527.0,234097.0,230378.0,233200.0,1242
2026-03-19 20:15:00,233148.0,234314.0,232369.0,232743.0,794
2026-03-19 20:30:00,232631.0,235944.0,232305.0,235322.0,1361
2026-03-19 20:45:00,235401.0,235401.0,232900.0,233564.0,714
2026-03-19 21:00:00,233525.0,233563.0,229265.0,230110.0,1641
2026-03-19 21:15:00,229971.0,233721.0,229760.0,232711.0,1085
2026-03-19 21:30:00,232724.0,235298.0,232416.0,233984.0,1120
2026-03-19 21:45:00,233984.0,234498.0,233352.0,233715.0,463
2026-03-19 22:00:00,233529.0,234000.0,232602.0,233419.0,566
2026-03-19 22:15:00,233538.0,233715.0,232042.0,232458.0,471
2026-03-19 22:30:00,232567.0,234233.0,232567.0,233602.0,430
2026-03-19 22:45:00,233750.0,236462.0,233160.0,235394.0,1098
2026-03-19 23:00:00,235396.0,236699.0,235396.0,236134.0,748
2026-03-19 23:15:00,236051.0,237934.0,236050.0,237100.0,1166
2026-03-20 09:00:00,238400.0,246244.0,238400.0,243202.0,1978
2026-03-20 09:15:00,243198.0,244945.0,243168.0,244697.0,945
2026-03-20 09:30:00,244699.0,244989.0,242339.0,242943.0,886
2026-03-20 09:45:00,242907.0,243283.0,242300.0,243283.0,800
2026-03-20 10:00:00,243298.0,243634.0,242200.0,242799.0,534
2026-03-20 10:15:00,242723.0,243100.0,242202.0,242825.0,264
2026-03-20 10:30:00,242723.0,242723.0,241206.0,241829.0,843
2026-03-20 10:45:00,241845.0,242502.0,241406.0,242044.0,461
2026-03-20 11:00:00,241956.0,242219.0,238650.0,239922.0,1251
2026-03-20 11:15:00,240085.0,240085.0,237300.0,237750.0,1301
2026-03-20 11:30:00,237818.0,239733.0,237818.0,239250.0,878
2026-03-20 11:45:00,239342.0,239551.0,237388.0,238223.0,537
2026-03-20 12:00:00,238364.0,238500.0,234322.0,235526.0,1148
2026-03-20 12:15:00,235381.0,236500.0,234586.0,235265.0,769
2026-03-20 12:30:00,235265.0,237189.0,235152.0,236424.0,744
2026-03-20 12:45:00,236600.0,237964.0,236550.0,237884.0,424
2026-03-20 13:00:00,237778.0,239767.0,237640.0,239499.0,711
2026-03-20 13:15:00,239427.0,240355.0,238780.0,240186.0,522
2026-03-20 13:30:00,240182.0,240798.0,238903.0,240597.0,579
2026-03-20 13:45:00,240599.0,241999.0,240599.0,240633.0,929
2026-03-20 14:00:00,240751.0,241000.0,239107.0,240226.0,883
2026-03-20 14:15:00,240058.0,240058.0,238501.0,239164.0,655
2026-03-20 14:30:00,239179.0,240198.0,238238.0,239539.0,510
2026-03-20 14:45:00,239544.0,239728.0,238572.0,238830.0,308
2026-03-20 15:00:00,238766.0,239000.0,237000.0,237220.0,777
2026-03-20 15:15:00,237264.0,237693.0,236207.0,236918.0,807
2026-03-20 15:30:00,236949.0,237398.0,235343.0,236631.0,991
2026-03-20 15:45:00,236631.0,237252.0,235233.0,236367.0,522
2026-03-20 16:00:00,236500.0,238000.0,235700.0,237995.0,636
2026-03-20 16:15:00,237992.0,237992.0,236000.0,236716.0,466
2026-03-20 16:30:00,236619.0,238389.0,235992.0,238307.0,616
2026-03-20 16:45:00,238105.0,238656.0,237129.0,237971.0,557
2026-03-20 17:00:00,237971.0,239199.0,237562.0,238974.0,600
2026-03-20 17:15:00,238905.0,239097.0,237120.0,238248.0,603
2026-03-20 17:30:00,238373.0,239488.0,238342.0,238838.0,737
2026-03-20 17:45:00,238838.0,239100.0,237785.0,238600.0,308
2026-03-20 18:00:00,238757.0,238915.0,236369.0,237302.0,599
2026-03-20 18:15:00,237400.0,237777.0,236107.0,237430.0,537
2026-03-20 18:30:00,237471.0,238929.0,234798.0,236081.0,1559
2026-03-20 18:45:00,235947.0,237200.0,234776.0,236496.0,867
2026-03-20 19:00:00,236248.0,236844.0,234139.0,236500.0,1494
2026-03-20 19:15:00,236684.0,237070.0,232300.0,232882.0,1527
2026-03-20 19:30:00,232861.0,233600.0,230259.0,230434.0,1847
2026-03-20 19:45:00,230223.0,230678.0,228120.0,228909.0,2062
2026-03-20 20:00:00,228825.0,232037.0,228722.0,230809.0,2311
2026-03-20 20:15:00,230643.0,231972.0,230051.0,231500.0,1129
2026-03-20 20:30:00,231600.0,233195.0,231013.0,233099.0,1081
2026-03-20 20:45:00,233200.0,233269.0,230666.0,231671.0,1126
2026-03-20 21:00:00,231414.0,232493.0,230807.0,231223.0,531
2026-03-20 21:15:00,231221.0,231221.0,229358.0,230737.0,839
2026-03-20 21:30:00,230517.0,233109.0,230312.0,233070.0,919
2026-03-20 21:45:00,233070.0,234495.0,232336.0,232367.0,1087
2026-03-20 22:00:00,232367.0,233267.0,231531.0,232121.0,669
2026-03-20 22:15:00,232100.0,232365.0,231036.0,232089.0,562
2026-03-20 22:30:00,232236.0,233069.0,231503.0,232328.0,569
2026-03-20 22:45:00,232328.0,232404.0,231214.0,231501.0,555
2026-03-20 23:00:00,231381.0,231800.0,230434.0,231800.0,805
2026-03-20 23:15:00,231858.0,232855.0,231657.0,232328.0,1051
2026-03-23 09:00:00,222479.0,222479.0,217844.0,217844.0,1487
2026-03-23 09:15:00,217844.0,218072.0,214272.0,216256.0,2750
2026-03-23 09:30:00,216505.0,219224.0,216505.0,218260.0,1674
2026-03-23 09:45:00,218149.0,219059.0,217793.0,218467.0,694
2026-03-23 10:00:00,218433.0,218541.0,217004.0,218251.0,781
2026-03-23 10:15:00,218203.0,219001.0,217500.0,218709.0,908
2026-03-23 10:30:00,218806.0,220049.0,218668.0,219366.0,730
2026-03-23 10:45:00,219317.0,219728.0,218050.0,218193.0,481
2026-03-23 11:00:00,218100.0,218186.0,214869.0,214908.0,2132
2026-03-23 11:15:00,214866.0,214866.0,211216.0,212360.0,2480
2026-03-23 11:30:00,212131.0,212266.0,210891.0,212182.0,1339
2026-03-23 11:45:00,212140.0,213163.0,207000.0,207273.0,3143
2026-03-23 12:00:00,207228.0,208999.0,204723.0,206105.0,3290
2026-03-23 12:15:00,205838.0,210248.0,205100.0,208874.0,2665
2026-03-23 12:30:00,208852.0,208852.0,205442.0,205889.0,1816
2026-03-23 12:45:00,205640.0,207593.0,204500.0,207159.0,1969
2026-03-23 13:00:00,206955.0,210998.0,206892.0,210997.0,1280
2026-03-23 13:15:00,210997.0,211578.0,209182.0,211001.0,1257
2026-03-23 13:30:00,211100.0,214797.0,211088.0,214462.0,1848
2026-03-23 13:45:00,214390.0,214390.0,212576.0,213053.0,1209
2026-03-23 14:00:00,213038.0,214620.0,212907.0,213614.0,579
2026-03-23 14:15:00,213813.0,214031.0,212176.0,212800.0,597
2026-03-23 14:30:00,212696.0,212967.0,210826.0,211732.0,818
2026-03-23 14:45:00,211755.0,214658.0,211755.0,214072.0,729
2026-03-23 15:00:00,214072.0,214225.0,209274.0,209662.0,1228
2026-03-23 15:15:00,209741.0,210493.0,208837.0,209957.0,807
2026-03-23 15:30:00,210001.0,212100.0,209600.0,211194.0,628
2026-03-23 15:45:00,211420.0,211741.0,210474.0,211100.0,391
2026-03-23 16:00:00,210957.0,211641.0,210002.0,211100.0,362
2026-03-23 16:15:00,211019.0,212514.0,210507.0,211748.0,687
2026-03-23 16:30:00,211943.0,227754.0,211943.0,227495.0,8776
2026-03-23 16:45:00,227597.0,227597.0,220962.0,225058.0,5152
2026-03-23 17:00:00,225234.0,228555.0,224782.0,226102.0,4343
2026-03-23 17:15:00,226021.0,226268.0,221355.0,222969.0,2980
2026-03-23 17:30:00,222777.0,223600.0,220800.0,222450.0,2834
2026-03-23 17:45:00,222368.0,225804.0,222350.0,225440.0,1750
2026-03-23 18:00:00,225501.0,228959.0,224700.0,228517.0,2454
2026-03-23 18:15:00,228576.0,231353.0,227511.0,229702.0,2662
2026-03-23 18:30:00,229864.0,230173.0,225640.0,228107.0,3252
2026-03-23 18:45:00,228175.0,228478.0,224880.0,225221.0,1282
2026-03-23 19:00:00,224949.0,228438.0,224613.0,226458.0,1562
2026-03-23 19:15:00,226332.0,229314.0,226281.0,228650.0,935
2026-03-23 19:30:00,228701.0,229936.0,228501.0,229200.0,1128
2026-03-23 19:45:00,228991.0,234155.0,228866.0,231700.0,2918
2026-03-23 20:00:00,231450.0,233155.0,229983.0,231221.0,1329
2026-03-23 20:15:00,231220.0,232460.0,230121.0,231695.0,969
2026-03-23 20:30:00,231690.0,233142.0,231201.0,231495.0,962
2026-03-23 20:45:00,231500.0,231727.0,228876.0,230202.0,1397
2026-03-23 21:00:00,230249.0,230957.0,226372.0,226654.0,1475
2026-03-23 21:15:00,226537.0,227793.0,223144.0,224349.0,2964
2026-03-23 21:30:00,224247.0,227640.0,224121.0,226728.0,1451
2026-03-23 21:45:00,226818.0,227078.0,224743.0,225022.0,734
2026-03-23 22:00:00,225131.0,228776.0,225022.0,228523.0,1067
2026-03-23 22:15:00,228328.0,229300.0,227444.0,227640.0,935
2026-03-23 22:30:00,228253.0,229285.0,227764.0,228584.0,775
2026-03-23 22:45:00,228741.0,229838.0,228225.0,229392.0,612
2026-03-23 23:00:00,229457.0,231265.0,229457.0,229655.0,816
2026-03-23 23:15:00,229688.0,230787.0,229001.0,230552.0,1114
2026-03-24 09:00:00,223505.0,224985.0,221498.0,221903.0,1921
2026-03-24 09:15:00,222029.0,222029.0,220115.0,221304.0,1804
2026-03-24 09:30:00,221560.0,223699.0,221394.0,222704.0,1002
2026-03-24 09:45:00,222469.0,222469.0,220471.0,221680.0,804
2026-03-24 10:00:00,221680.0,221920.0,221137.0,221339.0,267
2026-03-24 10:15:00,221338.0,222261.0,220844.0,221023.0,325
2026-03-24 10:30:00,221078.0,221287.0,218130.0,218822.0,1608
2026-03-24 10:45:00,218850.0,220273.0,218541.0,218778.0,645
2026-03-24 11:00:00,219000.0,222424.0,218000.0,221150.0,1710
2026-03-24 11:15:00,221197.0,222480.0,220555.0,221600.0,786
2026-03-24 11:30:00,221273.0,224269.0,221273.0,223600.0,1257
2026-03-24 11:45:00,223537.0,227698.0,223055.0,226205.0,2204
2026-03-24 12:00:00,225901.0,226725.0,225200.0,225392.0,1092
2026-03-24 12:15:00,225566.0,227700.0,225025.0,227388.0,1038
2026-03-24 12:30:00,227418.0,230254.0,227418.0,229695.0,1678
2026-03-24 12:45:00,229567.0,230075.0,228199.0,228500.0,809
2026-03-24 13:00:00,228417.0,228514.0,227301.0,228211.0,711
2026-03-24 13:15:00,228196.0,231732.0,227732.0,230788.0,1376
2026-03-24 13:30:00,230702.0,230702.0,229503.0,230124.0,690
2026-03-24 13:45:00,230350.0,230524.0,228435.0,228616.0,571
2026-03-24 14:00:00,228766.0,229839.0,228012.0,229500.0,457
2026-03-24 14:15:00,229645.0,230734.0,229405.0,229667.0,465
2026-03-24 14:30:00,229672.0,230044.0,228064.0,228223.0,409
2026-03-24 14:45:00,228064.0,229831.0,227812.0,229166.0,348
2026-03-24 15:00:00,229053.0,230584.0,229001.0,230166.0,489
2026-03-24 15:15:00,230116.0,231199.0,229531.0,231058.0,498
2026-03-24 15:30:00,230949.0,231462.0,230026.0,230962.0,455
2026-03-24 15:45:00,230866.0,231432.0,230280.0,230406.0,514
2026-03-24 16:00:00,230350.0,230762.0,229517.0,230662.0,456
2026-03-24 16:15:00,230761.0,231500.0,229623.0,231247.0,395
2026-03-24 16:30:00,231331.0,231331.0,227725.0,230887.0,2600
2026-03-24 16:45:00,230887.0,230887.0,228987.0,229628.0,632
2026-03-24 17:00:00,229500.0,230799.0,229307.0,229991.0,411
2026-03-24 17:15:00,229923.0,230500.0,228113.0,229957.0,1014
2026-03-24 17:30:00,229957.0,230123.0,228623.0,229604.0,420
2026-03-24 17:45:00,229529.0,229529.0,227484.0,228237.0,811
2026-03-24 18:00:00,228062.0,228481.0,225124.0,225136.0,1655
2026-03-24 18:15:00,225230.0,226921.0,225136.0,225893.0,1165
2026-03-24 18:30:00,225680.0,227393.0,224709.0,226235.0,2312
2026-03-24 18:45:00,226496.0,226720.0,224882.0,224882.0,578
2026-03-24 19:00:00,224731.0,225773.0,223803.0,224029.0,1456
2026-03-24 19:15:00,224029.0,226385.0,223601.0,225956.0,1419
2026-03-24 19:30:00,225833.0,227587.0,225655.0,227243.0,1314
2026-03-24 19:45:00,227276.0,227999.0,226377.0,227455.0,1039
2026-03-24 20:00:00,227500.0,229479.0,227021.0,229110.0,1264
2026-03-24 20:15:00,229200.0,230784.0,228555.0,229670.0,2129
2026-03-24 20:30:00,229800.0,230115.0,229007.0,229906.0,615
2026-03-24 20:45:00,230066.0,231097.0,229543.0,230400.0,989
2026-03-24 21:00:00,230500.0,230999.0,229758.0,230482.0,648
2026-03-24 21:15:00,230370.0,230575.0,228756.0,228843.0,622
2026-03-24 21:30:00,228975.0,229887.0,228350.0,229887.0,653
2026-03-24 21:45:00,229905.0,230387.0,229616.0,229859.0,455
2026-03-24 22:00:00,229980.0,230102.0,228903.0,229800.0,427
2026-03-24 22:15:00,229822.0,230019.0,229350.0,229555.0,284
2026-03-24 22:30:00,229668.0,230030.0,228435.0,228915.0,766
2026-03-24 22:45:00,228781.0,229359.0,228272.0,228547.0,399
2026-03-24 23:00:00,228515.0,228690.0,227600.0,227924.0,618
2026-03-24 23:15:00,227969.0,228806.0,227511.0,228700.0,794
2026-03-25 09:00:00,234900.0,241129.0,234900.0,238472.0,3129
2026-03-25 09:15:00,238503.0,240436.0,238503.0,239800.0,1680
2026-03-25 09:30:00,239685.0,240566.0,239395.0,240261.0,799
2026-03-25 09:45:00,240300.0,240322.0,239797.0,240172.0,517
2026-03-25 10:00:00,240172.0,240794.0,240100.0,240244.0,584
2026-03-25 10:15:00,240126.0,240433.0,239766.0,240131.0,466
